word,count
aaawww,1
abated,1
abbott,2
abides,2
abject,3
ablard,2
ablaze,3
aboard,25
abound,1
abrams,1
abroad,51
abrupt,18
absent,28
absorb,13
absurd,17
abused,5
abuses,7
acacia,3
acadia,1
accede,1
accent,9
accept,72
access,24
accord,9
accuse,10
aching,6
aconte,1
acorns,1
across,282
acting,61
action,291
active,88
actors,15
actual,99
acumen,1
adagio,3
adcock,1
addict,1
adding,22
adduce,1
adelia,5
adelos,1
adhere,4
adipic,1
adjust,16
admire,10
admits,2
adonis,1
adopts,2
adored,2
adores,1
adorns,1
adrian,4
adrien,2
adrift,1
adroit,1
adults,23
advent,5
adverb,1
advice,52
advise,9
aegean,15
aerate,1
aerial,8
affair,33
affect,35
affied,1
affirm,12
afford,40
afghan,3
afield,1
aflame,3
afloat,7
afraid,57
afresh,2
africa,45
afrika,1
agates,1
agatha,2
agayne,1
agency,56
agenda,5
agents,39
aggies,2
aghast,1
agleam,1
agnese,6
agoeng,1
agreed,81
agrees,11
ahmiri,1
ahrens,1
aiding,7
ailing,2
aiming,5
airily,2
airmen,1
alarms,1
alaska,22
albany,11
albeit,2
albers,1
albert,29
albums,2
alcorn,2
alerts,1
alexei,1
alexis,2
alfred,52
alibis,1
alicia,4
aliens,3
alight,3
alison,1
alkali,4
allege,1
alleys,1
allied,29
allies,30
allons,1
allows,19
alloys,3
allure,1
almond,1
almost,432
alokut,1
alpers,2
alpert,5
alsing,1
alters,1
althea,1
alumni,9
alusik,1
alvear,1
alvise,2
always,458
amadee,4
amaral,1
amazed,11
amazon,2
ambled,1
ambler,1
ambush,7
ameaux,2
amicam,1
amidst,3
amines,1
amoral,2
amount,172
amulet,1
amused,9
anabel,1
anania,1
anchor,15
andean,2
anders,2
andrea,4
andrei,18
andres,1
andrew,12
andrus,12
anemia,5
anemic,1
angell,1
angelo,8
angels,24
angles,11
anglia,1
angola,3
anhwei,1
animal,68
anions,1
ankara,1
ankles,7
annals,4
annoys,1
annual,93
anodes,1
anomic,1
anomie,1
ansley,1
answer,152
anthea,3
anthem,1
antics,4
antler,3
antone,1
antony,2
anyhow,20
anyone,140
anyway,46
apache,1
apathy,3
apiece,2
aplomb,1
apogee,2
apollo,5
appeal,63
appear,117
appian,1
apples,6
aprons,1
arabia,1
arabic,6
arable,3
arcade,3
arched,11
arches,7
arctic,4
ardent,12
arenas,3
argive,1
argued,29
argues,10
arhats,1
arisen,4
arises,14
arlene,26
armata,2
armbro,1
armful,1
armide,1
armies,15
armond,1
armory,1
armour,2
armpit,2
arnica,1
arnold,20
aromas,2
around,562
arouse,5
arrack,1
arrest,19
arrive,24
arrows,6
arroyo,3
arside,1
artery,46
artful,1
arthur,51
artist,57
arturo,2
ascend,1
ascent,1
ashley,1
ashman,1
ashore,6
asians,1
asking,67
asleep,30
aspect,47
aspire,3
assail,3
assent,4
assert,19
assess,6
assets,13
assign,18
assist,26
assume,63
assure,37
asters,1
asthma,1
astral,1
astray,3
astute,1
asylum,1
athena,1
athens,8
atomic,46
atreus,2
attach,14
attack,105
attain,20
attend,54
attest,2
attica,1
attire,6
attlee,1
auburn,2
audits,1
audivi,1
audrey,1
augurs,1
august,53
auntie,3
aurora,2
austin,18
author,46
autism,2
autumn,22
avenge,2
avenue,46
aviary,1
avidly,1
avoids,3
avowed,2
awaits,3
awaken,7
awards,17
awhile,4
axioms,2
azalea,2
babies,12
backed,24
badges,1
badmen,1
baffin,1
baffle,1
bagged,1
bagley,1
bailey,3
bailly,3
baines,1
baited,1
bakery,2
baking,4
balkan,2
balked,2
ballad,8
balled,1
ballet,45
ballot,12
baltic,3
balzac,2
banana,4
banded,2
bandit,3
bandon,1
banged,4
banish,4
banked,4
banker,5
banned,2
banner,8
banter,5
bantus,3
barbed,11
barber,8
barcus,4
barely,31
barest,3
bargen,1
barges,3
barium,1
barker,8
barley,6
barnes,9
barnet,1
barney,8
barons,1
barony,1
barred,8
barrel,24
barren,7
barrow,1
bartha,1
bartok,1
bartol,1
barton,25
bascom,3
bashaw,2
bashir,1
basics,1
basing,4
basked,1
basket,17
basler,1
baslot,2
basses,1
bassis,1
bateau,2
bathed,7
bathos,1
batted,2
batten,3
batter,2
battle,87
bauble,1
bawled,2
baying,1
baylor,2
bazaar,7
beacon,5
beaded,1
beadle,4
beaker,2
beards,5
bearer,4
beasts,2
beaten,15
beatie,4
beauty,71
beaver,3
became,246
becket,2
beckon,1
become,359
bedded,1
bedlam,1
beefed,1
befall,2
befell,1
befits,1
before,1016
beggar,2
begged,13
begins,55
begley,2
behahn,1
behalf,21
behave,13
beheld,3
behind,258
behold,4
beinge,2
beings,36
beirut,1
bekkai,1
belfry,1
belied,3
belief,64
belles,1
bellow,4
belong,37
belted,2
belton,2
belzec,1
bemoan,1
benesi,1
benets,1
bengal,4
benign,1
benita,1
benoit,1
benson,17
berche,1
bereft,2
berger,15
berlin,74
berman,6
bernet,1
bernie,1
bertha,5
berton,1
besets,1
beside,78
besset,1
bessie,1
bested,1
bester,1
bestes,1
bestow,2
bethel,1
betide,2
betray,4
betsey,2
better,414
bevels,1
bewail,1
beware,3
beyond,175
bianco,2
biases,1
bibles,1
biceps,3
biches,1
bidder,2
biddle,1
bierce,1
bigger,34
bigots,1
bilked,2
billed,3
billet,1
billie,3
bimini,1
binder,1
bindle,1
biopsy,2
birdie,5
birgit,1
births,4
bishop,18
bisque,6
biting,6
bitten,3
bitter,53
blaber,1
blacks,3
blades,12
blaine,2
blakey,3
blamed,7
blanks,3
blared,1
blasts,4
blazed,2
blazer,1
blazon,1
bleary,2
bleats,1
bleeps,1
blends,2
blight,2
blinds,3
blithe,2
blocks,37
blocky,2
blokes,1
blonde,20
bloods,1
bloody,8
blooms,3
bloops,1
blouse,1
blower,4
blowup,1
bluffs,4
bluing,1
bluish,2
blunts,1
blurry,1
boards,47
boasts,2
boatel,1
bobbed,2
bobbie,22
bodice,2
bodied,1
bodies,64
bodily,7
boeing,3
bogeys,2
bogged,1
bogies,1
bohart,1
boheme,1
bohlen,1
boiled,10
boiler,2
boites,1
boland,1
bolder,2
boldly,8
bolger,2
boliou,2
bolker,2
bolted,7
bombay,1
bombed,1
bomber,8
bombus,4
bonded,2
bonham,1
bonito,1
bonner,6
bonnet,3
bonnie,1
bonnor,4
bonzes,2
booboo,1
boogie,2
booked,7
booker,3
boomed,1
boosts,1
booted,1
booths,3
bootle,2
bordel,2
borden,20
border,20
boring,5
borneo,1
borrow,9
bosler,1
bosley,1
bosoms,1
bossed,1
bosses,5
boston,61
botany,3
bother,22
bottle,76
bottom,88
boucle,1
bouffe,1
boughs,4
bought,56
bougie,1
boulez,1
boulle,1
bounce,8
bouncy,1
bounds,10
bounty,3
bouton,2
bovine,2
bowden,2
bowels,1
bowers,1
bowing,3
bowman,3
boxcar,6
boxell,4
boyars,1
boyish,4
braced,5
braces,4
braden,1
brahms,7
braids,1
brains,18
brainy,1
brakes,7
brakke,1
branch,33
brands,4
brandt,10
brandy,7
branum,1
braque,9
brassy,2
braved,1
braver,2
braves,3
brawle,1
brazen,1
brazil,8
brazos,2
breach,6
breaks,12
breast,11
breath,53
breeds,1
breeze,14
breezy,1
brelin,1
breton,1
breuer,1
brevet,1
brewed,1
bribed,3
bribes,1
bricks,6
bridal,2
brides,2
bridge,98
bridle,1
brieff,1
briefs,1
briggs,1
bright,87
brings,40
briton,1
broach,1
brodie,10
broken,63
broker,1
broncs,3
bronze,11
broods,3
broody,2
brooke,2
brooks,16
broome,1
browne,1
browny,1
bruise,3
brumby,2
brushy,2
brutal,7
bryant,1
brynge,1
bryson,1
bubble,12
bubbly,1
bucked,1
bucket,7
buckle,5
buckra,2
budded,1
buddha,8
budget,59
budzyn,1
buenas,1
buffer,16
buffet,6
bugged,2
bugler,1
builds,7
bulged,3
bulked,1
bullet,28
bumbry,1
bumped,2
bumper,2
bumpin,1
buncha,1
bundle,20
bunker,3
bunter,1
bunyan,2
buoyed,1
burden,44
bureau,43
burger,1
burial,11
buried,18
buries,1
burkes,2
burley,1
burman,2
burned,40
burnes,1
burnet,2
burrow,4
bursts,2
burton,15
busboy,2
bushel,1
bushes,10
busied,1
busier,1
busily,8
busses,1
busted,3
buster,3
bustle,2
butane,1
butler,4
butted,3
butter,27
button,10
buxton,1
buyers,5
buying,30
buzzed,2
buzzes,2
bygone,2
byinge,1
byline,1
bypass,3
byrnes,2
byword,1
cabana,4
cabins,7
cabled,1
cables,2
cackly,1
cadesi,1
caesar,6
cahill,1
cairns,1
calder,2
calico,2
callan,1
callas,2
called,401
caller,2
calmed,6
calmer,2
calmly,11
calude,1
calves,6
calvin,4
camden,2
camels,1
cameos,1
camera,36
camilo,1
camped,1
camper,3
campus,33
canada,34
canals,1
cancel,7
cancer,25
candid,3
candle,18
candor,2
caneli,1
canine,1
canker,1
canned,6
cannon,7
cannot,258
canoes,2
canons,6
canopy,2
canted,1
canter,1
cantor,2
canute,1
canvas,19
canyon,12
capers,1
capita,16
capone,6
capote,1
capped,2
carbon,30
career,67
caress,1
caring,10
carmen,2
carmer,10
carnal,2
carney,1
caroli,3
carols,1
carpet,13
carrel,1
carrie,1
carrot,1
carson,2
carted,1
carter,7
caruso,2
carved,14
carven,1
carver,1
carvey,5
casals,1
casbah,3
casein,1
cashed,1
casino,2
castle,7
castor,2
castro,32
casual,22
catchy,1
catkin,2
catsup,3
cattle,97
caucus,2
caught,98
causal,6
caused,90
causes,58
caveat,1
cavern,1
caviar,1
caving,1
cavity,12
cavort,1
cawing,1
ceased,12
ceases,3
cedric,3
cedvet,1
ceecee,2
celery,4
celiac,1
cellar,26
celtic,7
cement,11
census,11
center,224
centre,2
centum,6
cereal,17
cerise,1
cesare,1
cestre,2
cetera,4
ceylon,5
chahar,1
chains,10
chairs,23
chaise,1
chalky,1
champs,3
chance,131
change,240
chants,3
chapel,20
charge,122
charms,2
charts,9
chased,1
chases,2
chatte,1
chatty,1
chaves,1
chavez,3
chavis,2
checks,17
cheddi,1
cheeks,13
cheere,1
cheers,4
cheery,3
cheese,9
chehel,1
chelas,1
cherry,6
chesly,1
chests,4
chewed,4
chiang,4
chicks,1
chided,1
chiefs,6
chieti,1
childe,1
chills,2
chilly,5
chimes,1
chines,5
chisel,4
chives,1
chocks,1
choice,113
choked,7
choose,50
choosy,1
chopin,2
choppy,3
choral,2
chords,6
chores,16
chorus,18
chosen,71
christ,97
chrome,4
chubby,2
chunks,5
chunky,1
church,348
churns,1
ciardi,1
cicero,5
cigars,2
cimoli,1
cinder,2
cinema,3
cipher,1
circle,60
circus,7
cities,107
citing,3
citron,1
citrus,1
ciudad,3
claims,74
claire,16
clammy,2
clamor,2
clamps,6
claret,4
clarke,1
claude,11
clause,9
clawed,2
cleans,1
clears,1
clefts,1
clench,1
clergy,12
cleric,1
clerks,7
clever,17
cliche,6
clicks,2
client,15
cliffs,2
climax,14
climbs,1
climes,1
clinch,2
clings,3
clinic,3
clique,2
clocks,8
clonic,1
closed,106
closer,61
closes,6
closet,16
clothe,1
clouds,38
cloudy,2
clover,16
cloves,2
clowns,2
clucks,2
clumps,4
clumsy,6
clutch,5
coahse,1
coarse,10
coasts,6
coated,4
coates,2
coaxed,3
cobalt,2
cocked,6
cocoon,3
coding,3
coerce,2
coffee,78
coffin,7
cognac,4
cohere,1
coiled,1
coined,3
colder,5
coldly,8
colfax,1
collar,17
colles,1
collie,2
colman,3
colmer,6
colony,28
colors,52
column,71
combat,27
combed,4
comedy,39
comely,1
comend,1
comest,1
cometh,1
comets,2
comics,1
coming,174
commit,16
common,223
compel,4
comply,5
comroe,1
conant,7
concur,4
confer,3
coning,2
conlow,1
conned,1
connie,1
connor,1
conrad,10
consul,3
convex,1
convey,13
convoy,3
conway,1
cooing,1
cooked,10
cookie,3
cooled,17
cooler,12
coolly,5
coombs,9
cooped,2
cooper,12
copied,3
copies,18
coping,8
copley,1
copper,13
corbin,1
corded,1
corder,2
cordon,2
corked,2
corner,115
corona,1
corpse,7
corpus,7
corral,5
corsia,1
cortex,7
cosily,1
cosmic,18
cosmos,3
costly,16
cotman,1
cotten,4
cotter,1
cotton,38
coulda,1
counts,14
county,155
coupal,1
couple,122
coupon,1
courcy,3
course,465
courts,50
cousin,51
covent,2
covers,32
covert,2
coward,8
cowboy,16
cowley,2
cowman,2
coyote,1
cozier,1
cracks,7
cradle,7
crafts,3
crafty,1
craggy,1
cramer,1
cramps,2
cranes,1
cranky,1
crater,2
crates,2
craved,2
craven,2
crawls,2
crazed,2
creaks,1
creams,1
creamy,1
crease,1
create,54
creche,1
credit,64
creeds,1
creeks,1
creeps,1
creepy,1
creole,1
crests,3
crewel,2
crimea,1
crimes,14
crises,21
crisis,82
cristo,1
critic,25
croaks,1
crooks,2
crosby,5
crouch,7
crowds,12
crowed,2
crowns,1
cruise,2
crummy,3
crunch,2
crutch,1
crying,15
cubans,5
cubism,11
cubist,7
culpas,1
culver,2
cumara,1
cunard,5
cupful,3
cupped,4
cupply,3
curiae,3
curing,1
curled,13
currys,1
cursed,11
curses,3
curtin,1
curtis,3
curtly,2
curved,7
curves,19
curzon,5
custer,5
custom,14
cutest,1
cutoff,1
cutter,4
cycled,1
cycles,7
cynics,3
czerny,1
dabbed,1
dagers,1
dailey,1
dainty,3
daises,1
dakota,6
dallas,58
dalles,1
dalton,4
damage,33
dammed,1
dammit,7
damned,19
damnit,1
dampen,2
damsel,1
danced,10
dancer,31
dances,23
danehy,1
danged,1
danger,70
dangle,1
daniel,14
danish,8
danube,3
danzig,1
daphne,1
dapper,6
daring,12
darius,1
darker,2
darkly,2
darned,4
darrow,1
darted,6
darwen,1
darwin,1
dashed,8
dashes,2
dating,4
daubed,1
davits,1
dawson,1
daybed,1
dazzle,1
deacon,5
deadly,19
dealer,25
dearer,1
dearie,1
dearly,4
dearth,3
deaths,8
debate,32
debora,2
debris,8
debuts,1
decade,46
decays,1
deceit,2
decent,20
decide,40
decked,1
decree,3
deduce,3
deduct,12
deegan,22
deemed,15
deepen,1
deeper,37
deeply,39
defeat,31
defect,3
defend,21
defied,4
define,27
defray,2
degree,125
dekalb,6
delano,1
delays,3
deller,2
delphi,1
delray,1
deltas,1
delude,2
deluge,4
deluxe,2
delvin,1
demage,1
demand,102
demise,4
demons,7
demure,3
denial,18
denied,47
denies,6
dennis,3
denote,4
dental,12
dented,1
denton,4
denver,16
depart,7
depaul,2
depend,45
depict,3
deport,1
depose,1
depots,1
depths,19
depugh,3
deputy,17
derive,13
desert,21
design,114
desire,79
desoto,1
despot,2
detach,1
detail,72
detain,1
detect,10
detest,1
devens,1
devery,2
device,55
devils,2
devise,8
devoid,6
devote,15
devour,2
devout,4
dewars,1
dewitt,1
dexter,3
dharma,1
dialed,3
diario,2
dickey,3
dictum,4
diddle,1
diesel,1
differ,18
digest,3
digger,2
digges,1
dilate,2
dillon,11
dilute,1
dimers,1
dineen,1
dinghy,1
dining,28
dinner,91
dionie,1
diorah,1
dipole,5
dipped,3
dipper,6
direct,129
dirion,1
disarm,2
dished,1
dishes,21
dismal,8
dismay,5
disown,1
dispel,3
distal,9
distil,1
ditmar,1
divans,1
divers,3
divert,1
divest,1
divide,14
divine,34
diving,5
django,4
docile,4
docked,1
doctor,100
dodged,2
dodger,1
dogged,2
dogleg,1
dogmas,2
doings,6
dollar,46
dolley,3
domain,9
domina,2
donald,20
donate,3
donato,1
donkey,1
donnay,3
donned,3
donner,1
donors,5
dooley,1
doolin,6
doomed,10
dorado,4
dorcas,1
dorens,1
dorset,8
dorsey,1
dosage,4
doting,2
dotted,2
double,56
doubly,4
doubte,1
doubts,16
dourly,1
doused,1
downed,5
dozens,11
dozing,3
drafts,3
drafty,2
dragon,1
drahve,1
drains,5
dramas,6
draped,9
draper,4
drapes,1
drawer,8
dreams,30
dreamt,1
dreamy,4
dreary,6
dressy,2
drexel,10
driers,3
drifts,6
drills,4
drinks,22
driven,44
driver,49
drives,6
drones,2
drouth,1
droves,1
drowns,1
drowsy,1
drunks,3
drying,29
dubbed,4
dublin,2
dubois,1
ducked,5
duclos,7
dudley,1
duffel,3
duffer,1
dugout,7
dulcet,1
dulled,3
duller,2
dulles,9
dumont,10
dumped,9
dumpty,1
dunbar,4
duncan,4
dunkel,2
dunlop,1
duplex,1
dupont,5
duress,1
during,585
durkin,2
dusted,1
duties,34
dutton,2
duyvil,1
dvorak,1
dwarfs,2
dwells,1
dwight,12
dyeing,1
dynamo,2
eagles,6
earned,18
earthy,10
easier,51
easily,107
easing,3
easter,11
eaters,1
eating,32
ebbing,2
echoed,7
echoes,8
eckart,1
eddies,1
edging,5
edible,5
edison,3
edited,7
editor,77
edmund,2
eduard,1
edward,45
edwina,1
edythe,14
eerily,2
effect,213
effete,1
effort,145
egrets,1
ehlers,1
eighth,23
eighty,11
eileen,26
eisler,1
either,284
ekberg,1
elaine,22
elapse,1
elated,3
elbows,7
elburn,1
elders,9
eldest,5
eleven,40
elicit,3
eligio,1
elijah,1
elinor,3
elisha,1
elmira,1
eloise,1
eloped,1
eluard,2
eluate,1
eluded,2
eludes,1
eluted,1
embark,5
embody,1
embryo,1
emerge,18
emilio,1
emmert,2
emmett,5
empire,22
employ,12
enable,23
enamel,1
encamp,1
ending,31
endows,1
endure,8
energy,100
enfant,1
engage,14
engine,50
enigma,4
enjoin,1
enjoys,10
enlist,5
enmity,1
enough,430
enrage,1
enrich,5
enrico,2
enroll,5
ensign,4
ensued,5
ensues,2
ensure,8
entail,5
enters,13
entire,149
entity,10
envied,5
envoys,1
enzyme,6
eppler,1
equals,8
equate,8
equine,1
equity,7
erased,2
eraser,2
erects,1
erhart,3
ernest,10
eroded,4
erotic,8
errand,7
errors,44
ersatz,2
erupts,1
escape,65
eschew,1
escort,9
eskimo,3
esprit,6
essays,8
estate,51
esteem,5
esters,1
esther,9
etched,2
ethers,1
ethics,19
ethnic,13
ettore,1
etudes,1
eugene,25
europe,118
eustis,3
evaded,2
evades,1
evadna,3
evelyn,4
evenly,4
events,101
evoked,7
evokes,5
evolve,5
evzone,1
exacts,2
exceed,19
excels,1
except,181
excess,42
excise,4
excite,3
excuse,28
exempt,5
exerts,3
exiled,2
exiles,1
exists,42
exodus,4
exotic,7
expand,13
expect,108
expend,1
expert,30
expire,1
export,10
expose,8
extant,5
extend,31
extent,110
extern,1
extras,1
exuded,2
eyeful,1
eyeing,4
eyelid,1
fabian,4
fabled,4
fables,2
fabric,15
facade,7
facets,9
facial,2
facile,1
facing,34
factor,71
fading,5
failed,74
faires,1
fairly,58
faiths,3
falcon,4
fallen,34
fallow,1
falter,2
family,331
famine,3
famous,89
fanned,4
farces,1
farina,1
faring,2
farley,1
farmed,1
farmer,23
farnum,1
farouk,5
farrar,1
fasten,4
faster,18
fatboy,1
father,183
fathom,3
fathuh,1
fatima,1
fatten,1
fatter,3
faucet,1
faults,7
faulty,8
fausto,1
favore,1
favors,10
favour,2
fawkes,4
fawned,1
fealty,1
feared,14
feasts,2
fecund,1
fedora,2
feeble,8
feebly,2
feeder,2
feeley,3
feeney,1
felice,4
feline,2
fellas,1
felled,2
feller,1
fellow,63
felons,2
felony,1
felske,1
female,50
femmes,1
fenced,3
fences,16
fender,4
fennel,2
fenway,1
ferber,1
ferret,1
ferris,2
fervor,4
fetish,2
feudal,6
fiance,1
fiasco,4
fibers,23
fibrin,2
fichte,1
fickle,1
fiddle,2
fields,72
fierce,8
fiesta,1
figaro,1
figger,3
fights,6
figone,2
figure,209
filets,1
filial,1
filing,19
filled,99
filler,1
filles,2
fillip,1
filmed,4
filter,9
filthy,7
finale,6
finals,10
finder,2
finely,4
finest,16
finger,40
finial,1
finish,39
finite,11
finley,2
finned,1
finney,3
firing,24
firmer,6
firmly,49
fiscal,120
fisher,5
fishes,2
fisted,1
fitful,1
fitted,20
fixers,1
fixing,11
fjords,2
flakes,4
flamed,1
flames,14
flange,2
flared,5
flares,6
flashy,3
flatly,7
flatus,2
flavor,16
flavus,1
flaxen,1
fleets,1
fleshy,2
flexed,2
flicks,1
flight,46
flimsy,2
floats,1
flocks,1
floods,6
floors,12
floppy,1
floral,3
florid,2
flotte,1
flowed,6
flower,23
fluent,5
fluffy,1
flugel,1
fluids,15
flurry,4
fluted,1
fluxes,4
flyers,2
flying,43
foamed,9
fodder,1
fogged,1
foggia,1
foiled,1
foiles,1
folded,15
folder,1
folksy,3
follow,97
folsom,1
fonder,1
fondly,4
fooled,3
forage,3
forand,1
forays,1
forbad,1
forbes,9
forbid,4
forced,81
forces,175
forego,3
forest,66
forged,3
forget,54
forgit,2
forgot,18
forked,4
formal,48
format,9
formby,1
formed,76
former,131
forsan,1
fortin,1
forums,1
foster,15
fought,46
fouled,2
foully,1
fourth,74
fowler,2
framed,14
framer,1
frames,26
france,75
franck,1
franco,2
francs,3
franks,8
franny,1
frauds,5
frayed,3
frayne,3
freaks,2
freddy,20
freely,22
freest,2
freeze,6
freida,1
french,139
frenzy,6
fresco,8
fresno,1
friars,1
friday,60
friend,133
frieze,13
fright,2
frigid,5
frills,3
frilly,1
fringe,16
frisco,3
frolic,2
fronts,7
frosts,1
frosty,1
frothy,2
frowns,1
frowzy,1
frozen,27
fruits,14
fucken,6
fueled,1
fugual,1
fuhrer,1
fuller,8
fulton,17
fumble,1
fuming,1
funari,1
fungal,1
fungus,2
funnel,1
furies,1
furled,1
furrow,5
fusing,1
fusion,13
futile,6
future,227
fuzzed,1
fyodor,1
gaafer,1
gabble,1
gabler,1
gables,4
gadfly,3
gadget,4
gaetan,1
gagged,1
gaggle,1
gaging,1
gaiety,8
gained,39
gainer,1
gaines,2
gaited,1
galata,1
galaxy,3
galena,2
galina,1
galled,1
gallet,1
galley,4
gallon,6
gallop,4
gallup,1
galway,2
gambit,2
gamble,3
gaming,1
ganado,1
gander,1
ganges,2
gannon,4
gantry,5
gaping,2
garage,21
garbed,1
garcia,3
garden,60
gargle,2
garine,1
garish,1
garlic,4
garner,1
garnet,1
garson,9
garter,2
gashes,2
gasket,4
gasped,5
gaspee,1
gassed,2
gasser,1
gasset,1
gaston,2
gather,20
gatsby,1
gauche,1
gauged,2
gaulle,4
gayety,1
gaylor,1
gaynor,1
gazing,8
geared,2
geddes,1
geeing,1
geered,1
gehrig,5
geiger,1
geisha,1
gender,2
genera,1
geneva,17
genial,5
genius,23
genres,1
gentle,27
gently,31
gentry,1
george,129
georgi,1
gerald,3
german,85
geroge,1
gerome,1
gerosa,2
ghazal,1
ghetto,11
ghosts,5
ghouls,2
giants,21
giaour,1
gibbet,1
gibbon,2
giblet,1
gibson,8
giffen,17
gifted,13
giggle,1
gildas,1
gilded,2
gilels,2
gillis,1
gilman,3
gilroy,1
gimbel,2
ginger,2
ginkgo,1
girdle,2
girlie,1
gisele,1
gisors,1
givers,1
giveth,2
giving,96
gladdy,6
gladly,4
glamor,4
glance,40
glands,6
glared,5
glassy,2
glayre,1
glazed,5
glazer,2
glazes,3
glenda,2
glibly,4
glided,1
glides,1
glimco,4
glison,2
gloats,1
global,4
globes,1
gloomy,3
gloria,1
glossy,1
gloved,2
glover,1
gloves,7
glowed,6
glumly,1
glycol,2
gnawed,1
gnomes,1
gnomon,1
goaded,3
goddam,4
godkin,4
godwin,4
goethe,3
goings,1
goitre,3
golden,42
golfer,3
goodby,1
goodis,4
goofed,1
gordin,3
gordon,10
gorges,1
gorham,4
gorton,32
gospel,13
gossip,13
gosson,5
gotham,1
gothic,4
gotten,16
gouged,3
goutte,1
govern,7
gowned,1
graced,1
graces,4
gracie,1
graded,2
grader,2
grades,23
grafin,5
graham,15
grains,20
grande,2
grands,3
granny,6
grants,20
grapes,7
graphs,1
grassy,2
grated,2
gratis,1
graunt,1
gravel,9
graven,1
graver,2
graves,9
gravid,2
grayed,1
grayer,1
grazed,2
grazer,1
grazie,4
grease,9
greasy,8
greate,1
greece,16
greedy,5
greeks,5
greene,13
greens,5
griggs,3
grille,3
grimed,1
grimly,11
grinds,1
gripes,1
grisly,2
gritty,1
grocer,1
groggy,1
grooms,2
groove,2
groped,7
grosse,9
ground,186
groups,125
grovel,1
grover,4
groves,4
grower,1
growth,155
grubby,2
grudge,7
guards,19
guerin,2
guests,62
guiana,2
guided,20
guides,9
guilty,29
guimet,1
guinea,3
guises,1
guitar,19
guizot,1
gullah,1
gulled,1
gullet,1
gulley,1
gulped,3
gunman,3
gunmen,4
gunnar,2
gunner,1
gurgle,1
gurion,2
gursel,3
gushed,5
gusher,1
gustaf,1
gustav,1
gutted,1
gutter,1
gutzon,1
guzzle,1
gypsum,2
habits,21
hacked,2
haddix,2
haflis,1
haggle,1
hagner,1
haijac,2
hailed,7
hajime,1
halted,12
halter,1
halvah,1
halves,2
hamlet,7
hammer,9
hamper,5
handed,38
hander,1
handle,53
hangar,1
hanged,7
hannah,2
hansen,10
hansom,1
happen,63
haqvin,1
harass,1
harbor,37
harden,1
harder,23
hardly,106
harlem,14
harmed,2
harmon,1
harold,32
harper,2
harris,28
harrow,2
hartes,2
harvey,18
harvie,3
hasher,1
hasten,3
hating,2
hatred,20
hatted,1
hattes,1
hattie,1
hauled,9
haunts,2
havana,15
havens,1
having,279
hawaii,16
hawing,1
hawked,1
hawker,1
haydon,1
haying,1
haynes,1
hayter,1
hazard,12
headed,59
header,1
healed,6
healer,2
health,105
heaped,4
hearer,2
hearse,1
hearst,48
hearth,4
hearts,23
hearty,4
heated,16
heater,14
heaved,4
heaven,43
heaves,1
hebrew,10
hectic,3
hector,1
hedged,1
hedges,2
heeded,1
heenan,1
heffer,1
hefted,1
height,35
heinze,1
heiser,7
helena,1
helene,1
helion,19
helium,15
helmet,1
helmut,1
helped,66
helper,6
hemmed,3
hempel,2
hendry,1
henrik,1
heorot,1
hepker,1
herald,11
herded,2
hereby,8
herein,3
heresy,2
herman,10
heroes,17
heroic,21
heroin,2
herold,4
herons,2
hersey,1
herter,3
herzog,1
hester,3
hetman,12
hettie,5
heusen,1
hewett,1
heyday,3
hickok,1
hidden,20
hiding,17
higher,160
highly,94
hiking,2
hillel,1
hilton,3
hindoo,1
hindus,1
hinged,1
hinges,4
hinkle,1
hinted,7
hinton,3
hiring,6
hirsch,2
hissed,2
hither,2
hitler,8
hitter,2
hoarse,5
hoaxes,1
hobart,1
hobbes,1
hobble,1
hobday,1
hockey,1
hodges,14
hodosh,1
hoffer,1
hoijer,3
holden,9
holder,27
holdup,2
holies,1
holley,1
hollow,12
holman,1
holmes,37
homage,2
homely,9
homers,3
homing,1
honest,47
honors,15
honour,2
honshu,1
hoogli,1
hooked,7
hookup,2
hooper,2
hoopla,1
hooray,1
hooted,1
hoover,8
hooves,2
hoping,30
hopped,5
hopper,2
horace,5
hordes,2
horned,1
horrid,1
horror,17
horses,68
horton,1
hosaka,2
hosses,5
hotbed,1
hotels,20
hotham,2
hotrod,1
hotter,7
hounds,3
hourly,2
housed,12
houses,83
hovers,1
howard,32
howell,1
howled,1
howsam,1
howser,2
hubbub,1
hubert,3
hubris,1
huddle,4
hudson,53
hugged,2
hughes,27
huhmun,2
humane,5
humans,9
humble,18
humbly,4
hummed,3
humour,1
humped,1
humpty,1
hunger,17
hungry,23
hunted,7
hunter,18
hurdle,3
hurled,4
hurler,1
hurley,1
hurrah,3
hurray,1
husbun,1
hushed,2
hustle,2
huston,1
hutton,2
huxley,6
hybrid,1
hymens,1
iberia,1
icebox,3
icicle,1
ideals,16
idioms,3
idlers,1
idling,2
ignite,2
ignore,19
ihmsen,1
iijima,1
images,37
imbibe,1
imbued,1
impact,67
impair,4
impart,4
import,17
impose,9
impute,1
inborn,1
incest,13
inched,1
inches,86
incise,1
incite,3
income,109
incubi,1
incurs,1
indeed,162
indian,52
indies,9
indigo,1
indium,1
indoor,4
induce,9
infamy,1
infant,11
infect,1
infest,1
infirm,1
inflow,2
influx,4
inform,7
ingbar,1
inject,6
injuns,1
injury,27
inlaid,1
inland,4
inlets,3
inmate,1
innate,4
inning,12
inpost,1
insane,13
insect,14
insert,13
insets,1
inside,174
insist,27
insult,7
insure,24
intact,14
intake,7
intend,15
intent,14
intern,2
intial,1
intima,3
inured,2
invade,5
invent,7
invert,1
invest,3
invite,11
invoke,4
inward,9
iodide,8
iodine,18
iosola,1
ironed,2
ironic,13
irving,4
isaacs,2
isabel,1
isaiah,1
ishtar,1
island,167
isolde,1
israel,15
issued,50
issues,66
istvan,1
itasca,1
itches,1
ithaca,1
itself,304
jabbed,2
jacket,33
jackie,4
jacobs,2
jacoby,5
jacopo,2
jagged,5
jaguar,5
jailed,2
jalopy,1
jammed,8
janice,6
jansen,1
jardin,1
jargon,4
jaross,1
jarred,2
jarvis,1
jasper,1
jaunty,2
javert,1
jaycee,1
jemela,1
jennie,3
jensen,4
jerked,12
jerome,5
jersey,25
jervis,1
jessie,2
jesuit,3
jeunes,1
jewels,3
jewett,1
jewish,74
jigger,1
jilted,2
jimmie,1
jiving,1
joanne,1
joblot,1
jockey,5
jocose,1
jocund,1
johann,1
johnny,30
joined,56
joiner,3
joints,12
jokers,1
joking,5
joplin,1
jordan,4
jordon,1
joseph,55
joshua,4
josiah,2
jostle,1
jotted,1
jouvet,4
jovial,1
jovian,1
joyful,1
joyous,5
judged,15
judges,20
judith,4
judson,3
juices,2
juleps,1
julian,8
juliet,1
julius,4
jumble,4
jumped,35
jumper,1
jungle,20
junior,75
juries,1
jurist,3
jurors,4
jussel,1
justly,5
jutish,1
kaboom,1
kahler,7
kaiser,1
kalmuk,1
kamens,1
kansas,31
kaplan,1
kapnek,1
karipo,4
karlis,1
kassem,1
keddah,1
kedzie,1
keegan,3
keeler,3
keenly,3
keeper,3
kegful,1
kegham,2
keizer,1
kellum,1
kelsey,6
kemble,5
kennan,7
kennel,3
kenyon,2
kepler,1
kernel,3
kettle,3
khaneh,1
khrush,1
kicked,18
kidder,1
kidney,6
kikuyu,3
killed,75
killer,21
kimono,1
kinder,1
kindly,8
kingan,1
kinsey,1
kissak,1
kissed,15
kisses,4
kitten,5
kizzie,5
klaxon,1
kleist,1
kloman,1
knauer,2
knecht,1
kneels,1
knight,18
knives,7
knocks,2
knotty,2
knowed,1
kodaks,1
kodama,2
kodiak,3
kodyke,7
koenig,1
konitz,2
konrad,1
korean,11
korman,1
kosher,1
krakow,1
krauts,1
kroger,2
kruger,5
krumpp,1
krutch,2
kunkel,2
kwango,1
labans,1
labels,3
labile,1
labors,2
labour,4
lacked,19
ladder,19
ladies,28
lagers,1
lagged,2
lagoon,15
laguna,2
laicos,1
lament,1
lammed,1
lanced,1
lances,2
landau,2
landed,15
lander,1
landes,1
landis,3
landon,1
langer,3
lapels,2
lapped,2
lapsed,3
lapses,4
larder,1
laredo,2
larger,123
larkin,10
larson,5
larvae,6
larval,1
lascar,1
lashed,3
lashes,2
lasses,1
lassus,1
lasted,12
lastly,3
lately,12
latent,9
latest,35
lather,3
lathes,1
latter,114
lauder,1
laughs,4
launch,10
laurel,3
lauren,10
laurie,1
lavato,1
lavish,3
lawful,2
lawman,2
lawmen,2
lawyer,43
layers,10
laying,12
layman,3
laymen,6
layout,6
layton,1
lazily,1
leaded,1
leaden,2
leader,74
leafed,1
league,69
leaked,5
leaned,38
leaped,20
learns,10
leased,2
leases,3
leaves,49
leavin,2
lecher,1
ledger,7
ledges,1
ledoux,4
leered,3
leeway,2
legacy,5
legato,1
legend,26
legers,1
legged,1
legion,7
legume,2
lehman,1
lehner,1
leiden,1
leland,2
lemmas,1
lemons,1
lemuel,1
length,116
lennie,1
lenses,5
leprae,1
lerner,1
lesion,2
leslie,2
lessen,5
lesser,19
lesson,29
lester,13
lethal,5
letter,145
levels,69
levers,6
levied,1
levies,2
levitt,4
levity,1
lewdly,1
leyden,1
liable,6
libido,2
libyan,2
licked,10
lieder,2
lifson,1
lifted,43
ligand,1
ligget,1
lights,47
likely,151
liking,11
lilacs,3
lilian,7
lilies,1
limber,2
limbic,1
limits,41
limped,2
limpid,1
limply,1
linden,7
lineal,1
linear,21
liners,2
lineup,3
linger,7
lining,2
linked,16
lionel,2
lipowa,1
lipson,1
lipton,5
liquid,48
liquor,43
lisbon,1
listed,44
listen,51
liston,6
liters,2
littau,1
litter,3
little,831
lively,26
livers,1
livery,5
living,194
livres,3
lizzie,17
loaded,22
loader,1
loafed,1
loaned,4
loaves,3
lobule,1
locale,3
locate,16
locked,30
locker,9
lockup,2
locust,6
lodged,1
lodges,2
lodley,2
loeser,1
logged,2
logger,1
london,89
lonely,25
loners,1
longed,7
longer,193
longue,3
looked,367
lookit,3
lookup,7
loomed,3
loomis,4
looped,1
loosen,3
loosli,1
looted,3
lopped,1
lorain,1
lordly,2
lorena,1
lorenz,2
lorlyn,1
losers,1
losing,28
losses,46
lotion,8
lottie,1
louder,12
loudly,17
louisa,1
louise,5
lounge,9
loused,1
lousie,1
louvre,2
lovely,44
lovers,10
lovett,1
loving,15
lowell,6
lowers,1
lowest,13
lubell,2
lublin,15
lucian,5
lucien,10
lucius,2
lucked,1
ludlow,1
ludwig,3
luette,1
lugged,5
lulled,1
lumbar,1
lumber,35
lummox,1
lummus,1
lumped,2
lunged,4
lurcat,1
luring,1
lurked,3
lushes,1
luster,2
lustre,2
luther,5
luxury,21
lyford,5
lyking,2
lyndon,3
lyrics,15
mackey,3
madama,1
madame,15
madden,18
madman,2
madmen,3
madrid,1
maggie,23
magnet,3
magnum,11
magoun,2
magpie,1
mahler,3
mahone,1
maiden,2
mailed,16
mailer,2
maimed,1
mainly,31
maitre,1
majors,3
makers,19
makeup,1
making,255
malady,1
malden,1
malice,2
malign,1
malmud,1
malone,1
malted,1
mammal,1
mammas,1
manage,20
maniac,4
manila,2
manley,6
manned,12
manner,124
manors,1
mantel,3
mantic,1
mantle,48
manual,9
manuel,6
manure,6
maples,3
mapped,1
maquet,1
marble,21
marcel,1
marcos,1
marcus,7
mardis,1
margin,10
marina,10
marine,55
marion,3
marked,85
markel,1
marker,5
market,155
marlin,2
marmee,1
marmon,2
maroon,3
marred,4
marrow,5
marsha,1
martha,5
martin,55
martyr,8
marvel,6
marvin,9
maryed,1
mashed,3
masked,4
masons,3
masque,1
massed,2
masses,21
masson,1
massuh,1
master,72
mastic,1
mating,8
matrix,1
matron,3
matson,8
matsuo,35
mattei,3
matter,308
mattie,1
mature,31
mauler,1
maxine,2
mayans,1
mayhem,1
maynor,1
mccloy,2
mccone,1
mcghie,1
mciver,3
mcleod,1
mclish,3
mcnair,3
mcnear,1
mcneil,1
meadow,17
meager,6
meanes,2
medals,4
meddle,1
median,1
medici,1
medics,1
medium,45
medley,1
meehan,1
meeker,10
meekly,2
mekong,3
melies,4
mellal,1
mellow,1
melody,21
melted,9
melvin,4
member,137
memoir,2
memory,76
menace,9
mended,1
menial,1
mennen,1
mental,43
mentor,1
mercer,71
merely,135
merest,3
merged,4
merger,21
merges,2
merits,14
merner,1
mervin,1
messed,1
messes,1
messrs,1
metals,7
meteor,3
meters,11
method,142
methyl,2
metier,1
mettle,2
mexico,19
meyers,1
meyner,3
mickey,29
mickie,4
midair,2
midday,5
middle,118
midsts,1
midway,8
miffed,1
mighty,29
miglia,1
mignon,1
miguel,2
mijbil,3
mikeen,1
milder,3
mildew,1
mildly,7
milieu,4
millay,1
miller,22
millie,5
milman,1
milord,2
milton,17
minber,1
minced,6
minded,3
miners,5
mingle,2
mingus,1
mining,12
minnie,3
minors,5
minoso,1
minter,1
minuet,2
minute,55
miriam,30
mirror,27
mischa,2
misery,15
mishap,4
misled,3
missed,40
misses,5
misted,1
mister,10
misuse,5
mitral,1
miuchi,1
mixers,1
mixing,10
miyagi,2
mizell,3
moaned,2
mobile,44
mobutu,2
mocked,3
models,47
modern,198
modest,29
modify,6
modish,1
molard,1
molars,1
molded,12
molest,1
moller,1
mollie,6
moloch,3
molten,3
molvar,3
moment,246
mommor,1
monday,68
moneys,2
monica,2
monies,1
monkey,9
monroe,12
months,189
moonan,1
moored,2
mopped,4
morale,17
morals,7
morass,1
morbid,1
morgan,72
morgen,1
morgue,1
moritz,11
morley,2
mormon,2
morose,2
morris,21
morrow,2
morsel,3
mortal,10
mortar,11
morton,15
mosaic,4
moscow,47
moslem,3
mosque,10
mostly,44
motels,7
motets,1
mother,216
motifs,5
motion,55
motive,22
motley,3
motors,50
mounds,1
mounts,8
mousie,7
mouths,8
movers,4
movies,31
moving,114
mozart,2
mucker,1
mucosa,5
mullah,1
mullen,2
muller,9
mumble,1
munger,1
mungus,1
munich,6
munroe,1
murder,75
murmur,3
murphy,7
murray,8
murrin,1
murrow,1
muscle,42
museum,32
musial,3
musica,1
musing,1
musket,6
muslim,3
muster,3
mutely,2
mutiny,3
mutter,1
mutton,8
mutual,26
muzyka,1
muzzle,10
myopia,1
myopic,1
myosin,1
myriad,7
myrtle,1
myself,129
mystic,3
mythic,2
mytton,1
nabbed,1
nadine,17
nagamo,1
nagged,1
nagrin,5
nailed,11
nairne,2
nakoma,1
namely,33
naming,4
nanook,1
naphta,1
napkin,3
naples,3
napped,1
narrow,63
nassau,14
nasser,2
nathan,5
nation,139
native,46
nature,191
naught,2
nausea,3
navels,1
navona,4
nazism,1
nearby,45
neared,3
nearer,14
nearly,141
neatly,19
nebula,1
nectar,3
needed,187
needle,15
neesen,1
negate,2
neisse,2
nellie,6
nelson,16
nephew,9
nerien,2
nernst,2
nerves,22
nested,4
nester,2
nestor,1
nether,1
netted,1
neural,3
neuron,1
neuter,1
nevada,6
nevsky,1
newark,8
newest,15
newman,10
newsom,1
newton,6
nibble,1
nicely,9
nicest,1
nicked,1
nickel,7
nieces,1
nieman,3
niepce,1
nigger,12
nights,33
nigras,1
nikita,7
nilsen,1
nimbly,2
ninety,12
nipped,1
nippur,1
nobler,1
nobles,1
nobody,74
nodded,51
noises,6
nolens,1
nomias,2
nonism,1
norell,2
normal,136
norman,15
norris,1
norths,1
norton,9
norway,2
nosing,1
nothin,3
notice,59
notify,8
noting,17
notion,40
novaya,1
novels,22
novice,3
nozzle,4
nuance,1
nubile,1
nuclei,13
nudged,2
nudism,1
nudist,1
nudity,2
nugent,5
nugget,1
number,472
nurses,4
nutmeg,4
nyberg,2
nymphs,1
oatnut,2
obeyed,7
object,65
objets,1
oblige,1
oblong,1
oboist,1
obtain,42
occupy,16
occurs,27
oceana,1
oceans,3
ocelot,1
octave,2
ocular,2
odessa,1
odious,3
offend,4
offers,45
office,255
offing,1
offset,9
offutt,1
ogress,1
oilers,1
oldest,14
oldies,1
oliver,7
olives,1
olivet,1
olivia,1
omelet,3
oneasy,1
oneida,1
onions,4
onrush,4
onsets,5
onward,1
opaque,6
opened,131
opener,6
openly,34
operas,2
oppose,15
optics,1
optimo,1
option,5
oracle,2
orally,2
orange,23
oratio,1
orator,5
orbits,9
orcutt,2
ordain,2
ordeal,3
orders,58
oregon,11
oresme,1
organs,14
orgasm,7
orgies,2
orgone,1
orient,4
origen,3
origin,44
oriole,5
orissa,1
orkney,1
orlick,3
ormsby,1
ornate,1
ornery,2
orphan,1
orphic,1
ortega,1
orwell,2
osbert,1
osmium,1
ossify,1
others,323
ottawa,1
oughta,2
ounces,3
ousted,1
ouster,1
outcry,3
outfit,16
outfox,1
outing,5
outlaw,2
outlay,2
outlet,9
output,35
outrun,4
outset,13
outwit,1
overly,8
owners,35
owning,3
oxcart,2
oxford,18
oxides,1
oxnard,1
oxygen,44
oyabun,4
oyster,6
ozagen,4
ozarks,1
pacers,3
pacify,2
pacing,7
packed,19
packet,3
padded,5
paddle,1
paeans,1
pagans,1
paging,1
pagnol,1
pagoda,1
pained,1
paints,10
paired,6
pajama,1
palace,38
palate,2
palely,1
palest,1
paling,1
pallet,1
pallid,3
pallor,2
palmed,2
palmer,56
pamasu,1
pamela,19
pamper,1
panama,4
pancho,1
panels,46
pantas,2
panted,1
pantry,2
papers,51
papery,1
pappas,1
parade,25
parcel,1
pardon,8
parent,15
pariah,1
parish,11
parked,33
parker,63
parley,1
parlor,18
parmer,1
parody,4
parole,5
parris,2
parrot,1
parson,2
parted,5
partly,49
pascal,1
pasley,2
passed,157
passes,27
passos,1
pasted,6
pastel,3
pastes,1
pastor,17
pastry,4
patent,35
pathet,10
pathos,1
patina,1
patrol,25
patron,4
patted,7
patter,3
patton,1
paulah,1
paulus,1
paunch,2
paused,28
pauses,2
pauson,2
pavese,2
paving,2
pavlov,1
pawing,1
paxton,7
payday,3
paying,26
paynes,1
payoff,1
payson,1
peaked,7
peanut,6
pearls,2
pearly,1
pebble,1
pecans,1
pecked,2
pedals,1
peddle,1
peeked,2
peeled,5
peered,20
peeter,1
pegged,1
pegler,1
peking,1
pelham,5
peltry,2
pelvic,3
pelvis,1
pencil,34
penman,1
penned,4
penury,1
people,847
pepper,13
perier,6
perils,2
period,265
perish,2
perken,1
permit,77
pernod,1
perrin,6
persia,4
person,174
pester,1
pestle,1
petals,4
peters,4
petipa,1
petite,1
petits,2
petrie,3
petted,2
pettit,2
phases,24
phedre,6
phelan,1
phelps,1
philco,2
philip,21
philly,1
phipps,2
phloem,1
phoned,5
phones,7
phonic,1
photek,1
photos,7
phouma,4
phrase,34
pianos,1
piazza,17
piazzo,1
picked,78
picker,1
picket,9
pickle,1
pickup,14
picnic,15
pidgin,2
pieces,92
pierce,6
pierre,17
pietro,2
pigeon,3
pilate,1
piling,6
pillar,2
pillow,8
pilots,8
pinkie,1
pinkly,1
pinned,4
pipers,1
piping,5
piracy,1
piraro,1
pirate,4
pisces,1
pistol,27
piston,7
pitied,2
pixies,1
placed,126
places,100
placid,6
plague,6
plaids,1
plains,14
planar,2
planed,1
planer,3
planes,26
planet,21
planks,5
plants,59
plaque,2
plasma,13
plated,1
plates,23
played,104
player,51
playes,1
plazas,1
plazek,1
pleads,1
please,62
pleats,1
pledge,3
plenty,55
pleura,6
pliant,1
pliers,1
plight,7
plowed,5
plumed,1
plunge,5
pocket,46
podger,21
podium,1
poetic,31
poetry,88
points,143
poirot,2
poised,12
poises,2
poison,10
poking,5
poland,33
police,155
policy,222
poling,2
polish,19
polite,7
polity,1
polled,1
pollen,11
pololu,1
pomham,2
pompey,2
poncho,3
ponder,1
ponies,6
ponkob,1
poodle,2
pooled,1
poorer,3
poorly,11
popish,2
poplar,1
poplin,1
popped,6
poring,1
porous,12
portal,3
porter,17
portia,1
portly,1
poseur,1
posing,3
possum,2
postal,7
posted,11
poster,4
potato,15
potent,9
potted,3
potter,4
pounds,44
poupin,1
poured,29
pouted,1
powder,28
powell,15
powers,73
prague,3
praise,17
pranha,1
pranks,1
prayed,12
prayer,28
preach,8
precut,1
prefab,1
prefer,27
prefuh,1
premix,3
prence,1
presto,2
pretty,107
prevot,9
prewar,1
priced,4
prices,61
pricks,1
priddy,1
prides,2
priest,16
prieur,6
primal,1
primed,2
primes,2
primly,2
prince,33
prints,10
priory,1
pripet,1
prisca,1
prison,42
privet,1
prized,2
prizes,6
probed,3
probes,3
probly,1
profet,1
profit,28
prompt,11
pronto,1
propel,4
proper,95
proton,3
proust,1
proved,71
proven,11
proves,16
pruned,1
prunes,1
prying,1
pseudo,1
psyche,7
public,438
puddle,1
puerto,24
puffed,4
pulled,73
pullen,4
pulley,11
pulova,2
pulpit,4
pulsed,1
pumped,3
punish,3
punted,1
pupils,25
puppet,6
purdew,12
purely,30
purest,3
purged,2
purges,3
purify,2
purism,1
purity,12
purled,2
purple,13
pursed,3
purses,1
pursue,20
purvis,4
pushed,53
pushes,3
pushup,2
putout,1
putted,1
putter,1
puzzle,10
python,14
quacks,9
quaint,12
quaker,6
qualms,1
quarry,7
quarts,1
quartz,1
quaver,1
quebec,2
queens,10
quelch,1
quemoy,2
quench,1
queued,1
quince,2
quincy,4
quiney,23
quirks,1
quotas,3
quoted,26
quotes,4
quyney,1
rabaul,1
rabbit,11
rabble,2
rabies,1
racers,1
rachel,42
racial,25
racine,2
racing,22
racked,1
racket,5
radial,5
radios,7
radish,8
radius,9
rafael,1
rafter,1
ragged,9
raging,2
raided,1
rained,4
raised,101
raiser,1
raises,16
raisin,1
rakish,1
ramble,3
rameau,2
rammed,3
ramsey,10
rancho,1
rancor,3
random,38
ranged,18
ranger,2
ranges,10
ranked,4
rankin,9
ransom,5
ranted,1
rapier,1
raping,1
rapped,4
rarely,41
rarity,2
rascal,1
rasped,1
rastus,1
rather,373
ratify,1
rating,10
ration,10
ratios,18
rattle,5
ravine,1
raving,3
rawson,3
raynal,1
razing,1
reacts,1
reader,43
realer,1
really,275
realms,2
realty,2
reaped,1
reared,10
reason,241
reavey,1
rebels,17
reborn,3
rebuff,4
rebuke,2
recall,39
recede,3
recent,179
recess,2
recipe,8
recite,2
reckon,7
recoil,5
recond,1
record,137
rector,33
redder,3
redeem,2
reduce,62
reeder,1
reeked,1
reeled,2
refers,18
refill,3
refine,3
reflex,4
reform,30
refuel,2
refuge,7
refund,22
refuse,16
refute,1
regain,1
regard,89
regime,23
regina,1
region,76
regius,2
regret,9
reguli,1
rehash,2
reigns,1
reilly,1
reined,3
reject,10
rejoin,2
relate,7
relict,1
relied,8
relief,66
relies,4
relish,8
relive,2
remain,93
remake,2
remark,31
remedy,13
remind,15
remote,32
remove,58
remuda,1
render,11
renews,1
renfro,1
renoir,3
renovo,1
renown,1
rental,15
rented,7
reopen,1
repaid,3
repair,20
repeal,7
repeat,26
repels,1
repent,3
repnin,2
report,174
repose,2
repute,2
reread,4
resale,2
rescue,15
resent,8
reside,2
resign,2
resins,2
resiny,1
resist,22
resnik,2
resort,12
rested,17
result,244
resume,16
retail,20
retain,11
retard,3
retell,1
retied,1
retina,1
retire,9
retold,1
retort,4
return,180
reuben,3
reveal,30
revels,1
revere,2
revert,3
revery,1
review,56
revise,5
revive,8
revolt,8
revved,1
reward,15
rheims,1
rhinos,2
rhodes,8
rhymes,1
rhythm,22
ribald,1
ribbon,12
ricans,2
richer,5
riches,2
richey,1
richly,5
ridden,6
riddle,1
riders,12
ridges,4
riding,45
riffle,1
rifled,1
rifles,23
rigged,3
rigger,1
rights,77
rigids,1
rigors,4
rimini,1
rimmed,2
ringed,2
ringel,1
rinker,2
rioted,1
ripped,6
ripple,5
rising,62
risked,4
ritter,9
ritual,25
rivals,1
rivers,17
rivets,1
roamed,1
roared,18
roasts,1
robbed,10
robber,2
robbie,3
robert,83
robots,3
rocked,8
rocker,4
rocket,7
rococo,6
rodder,3
rodent,3
rodeos,1
rodeph,1
rodney,3
roemer,1
rogers,9
rogues,2
roland,4
rolled,48
roller,3
rollie,1
roloff,1
romano,1
romans,10
romped,1
romulo,1
ronald,5
ronnel,1
ronnie,5
roofed,1
roofer,1
rookie,9
rooney,7
rooted,8
ropers,1
roslev,1
roster,2
rotary,10
rotate,2
rothko,1
rotten,2
rotund,1
rouben,1
rounds,13
rourke,19
roused,2
routed,1
routes,6
roving,2
rowley,2
royale,1
royaux,1
rubbed,18
rubber,15
rubble,1
rubens,1
rubies,1
rubric,1
ruckus,1
rudder,1
rudely,2
rudolf,1
rugged,19
ruined,16
rulers,9
ruling,24
rumble,2
rumdum,2
rummel,1
rumors,6
rumpus,1
runing,1
runner,1
runoff,2
runway,4
runyon,3
rupees,14
rushed,27
rushes,3
russet,1
russia,72
rusted,1
rustic,3
rustle,4
rutted,1
ruysch,1
saabye,1
sabina,2
sabine,2
sables,1
sabras,1
sacker,1
sackes,1
sacral,1
sacred,38
sadder,1
saddle,25
sadism,3
sadist,1
safari,2
safely,13
safest,4
safety,47
sagami,1
sagged,3
sahara,2
saigon,1
sailed,10
sailor,5
saints,6
salads,3
salami,7
salary,43
saledo,3
salida,1
saline,31
salish,1
saliva,4
sallow,1
salmon,3
salons,3
saloon,12
salted,4
salter,9
salton,1
salute,3
salves,1
salvos,1
sambur,1
sample,57
samuel,34
sancho,3
sander,1
sandra,1
sanest,1
sanity,4
sansom,12
sapped,3
sartre,2
satire,9
saturn,3
sauces,5
savage,22
saving,21
savior,6
savory,4
sawing,1
sawyer,1
saxons,7
saxony,1
saxton,2
sayers,1
saying,113
scairt,1
scalar,2
scaled,2
scales,5
scanty,4
scapin,4
scarce,6
scared,21
scenes,29
scenic,9
schang,1
schema,3
scheme,33
schenk,2
schism,1
schlek,2
schley,1
schone,1
school,493
schott,1
schulz,1
schutz,1
schwab,2
scions,1
scoped,1
scopes,1
scored,15
scores,15
scotch,5
scotty,32
scours,5
scouts,2
scrape,3
scraps,3
scream,13
screen,48
screws,10
scribe,4
script,11
scurvy,1
sealed,13
seaman,7
seamen,2
search,66
season,105
seated,24
seaton,1
secant,12
secede,10
secesh,1
second,373
secret,78
sector,13
secure,30
sedans,4
sedate,2
seeing,86
seeker,1
seeley,1
seemed,333
seeped,2
seerey,1
segura,1
seidel,2
seized,24
selden,15
seldes,1
seldom,34
select,23
selena,4
seller,6
selves,4
semmes,1
semper,1
senate,62
senese,1
senile,2
senior,34
senium,1
senora,2
sensed,17
senses,15
sensor,3
sentry,6
septic,3
septum,1
sequel,1
serene,10
sergei,2
serial,7
series,130
sermon,12
served,119
serves,37
sesame,7
sesshu,1
setter,2
settle,23
seurat,1
severe,39
severs,1
sewage,29
seward,5
sewers,4
sewing,10
sextet,4
sexton,3
sexual,59
seynes,2
sforzt,1
shabby,5
shacks,1
shaded,6
shades,13
shadow,36
shafer,6
shafts,2
shaggy,2
shaken,11
shaker,2
shakes,5
shakya,1
shalom,1
shamed,1
shames,1
shansi,1
shanty,3
shantz,1
shaped,17
shapes,29
shards,1
shared,40
shares,46
sharks,3
sharon,3
sharpe,30
shaved,9
shaven,2
shawls,2
shayne,27
shayol,4
shearn,1
sheath,4
sheepe,1
sheets,30
sheila,1
shelby,1
shells,14
shensi,1
sherry,8
shield,8
shietz,1
shifte,1
shifts,17
shifty,1
shills,1
shiloh,2
shimmy,2
shines,4
shires,3
shirts,2
shitts,1
shiver,4
shoals,3
shocks,5
shoddy,1
sholom,1
shores,9
shorts,29
should,888
shouts,5
shoved,8
shovel,5
showed,141
shower,15
shrank,1
shreds,5
shrewd,8
shriek,5
shrill,7
shrimp,2
shrine,7
shrink,5
shrove,1
shrubs,4
shrugs,2
shucks,3
shulde,1
shunts,5
sibley,1
sibyls,1
sicily,3
sicker,2
sickly,2
siding,5
sidled,2
sidney,9
sieben,1
siecle,1
sienna,2
sierra,2
siesta,2
sifted,3
sighed,22
sights,15
sigmen,4
signal,63
signed,37
signor,2
silent,49
silica,2
silken,1
silone,1
silvas,1
silver,29
silvio,1
simile,1
simmel,1
simmer,5
simple,160
simply,171
sinews,1
sinewy,2
sinful,3
singed,1
singer,10
single,172
singly,6
sinned,6
sinner,7
sinton,1
sipped,2
sirens,2
sister,38
sitter,24
sizova,1
sizzle,1
skates,1
sketch,16
skewer,1
skiddy,1
skiffs,4
skiing,7
skills,37
skimpy,1
skinny,9
skirts,4
skiway,1
skopas,4
skulls,2
skunks,1
skyros,20
skyway,1
slacks,7
slaked,3
slants,1
slated,3
slater,5
slaves,44
slavic,2
sleeps,1
sleepy,6
sleeve,11
sliced,4
slices,2
slides,5
slight,53
slimed,1
slimly,1
slings,1
sloane,3
slocum,3
slogan,7
slopes,7
sloppy,3
slouch,1
slough,1
slowed,17
slower,9
slowly,115
sludge,4
sluice,2
smacks,1
smells,9
smelts,1
smiled,71
smiles,11
smithy,1
smoked,9
smokes,1
smooth,42
smythe,4
snacks,3
snails,1
snaked,3
snakes,26
snappy,1
snared,1
snatch,4
snazzy,1
sneaks,1
sneaky,2
sneers,2
sniper,1
snippy,1
snopes,4
snowed,2
snugly,2
snyder,1
soaked,6
soared,4
sobbed,2
soccer,3
social,380
socked,1
socket,3
socola,1
sodden,2
sodium,12
soeren,1
soften,4
softer,5
softly,31
soiled,7
soiree,1
solace,6
solder,4
solely,20
solemn,12
solids,13
solved,19
solves,2
somber,3
sombre,2
somers,7
sompin,1
sonata,9
songau,4
sonnet,3
sonoma,1
sonora,1
sooner,17
soothe,2
sophia,7
sophie,2
sorbed,8
sordid,3
sorely,3
sorest,1
sorrel,2
sorrow,9
sorted,4
sortie,2
sought,55
sounds,55
source,94
sourly,3
souths,1
soviet,129
sowing,1
spaced,8
spacer,2
spaces,11
spades,4
spagna,1
spared,9
spares,1
sparks,5
sparky,3
sparse,5
sparta,1
spasms,1
speaks,18
specie,2
specks,2
speech,61
speeds,14
speedy,6
spells,2
spends,8
sphere,22
sphinx,1
spiced,3
spices,3
spider,2
spiked,2
spikes,3
spills,2
spinco,4
spiral,8
spires,3
spirit,182
splash,3
spleen,2
splice,1
splits,2
spoils,1
spoken,37
spokes,2
sponge,7
spongy,2
spooky,2
spores,3
sports,49
spotty,1
spouse,3
sprang,13
sprawl,3
sprays,1
spread,83
spring,127
sprite,1
sprout,1
spruce,5
sprung,8
spurns,1
spying,2
squads,2
squall,7
square,143
squash,2
squats,1
squawk,1
squeak,1
squeal,1
squibb,2
squint,1
squire,5
squirt,1
stabat,1
stable,30
stacey,2
stacks,1
staffe,4
staffs,8
staged,16
stager,1
stages,51
stains,10
stairs,47
staked,2
stakes,5
stalag,4
staley,1
stalin,15
stalls,3
stamps,4
stance,6
stanch,1
stands,68
staple,1
starch,4
stared,60
stares,1
starre,1
starts,31
starve,1
stasis,3
stated,85
staten,5
states,603
static,13
stator,1
statue,17
status,97
staved,1
stayed,75
steady,41
steaks,4
steals,1
steele,21
steels,3
steely,1
steers,1
stella,1
stench,1
stereo,12
sterns,1
stevie,18
stewed,1
sticks,22
sticky,9
sticle,1
stiffs,1
stifle,2
stigma,1
stiles,1
stills,2
stilts,3
stings,2
stingy,1
stinky,1
stitch,3
stocks,18
stocky,2
stodgy,1
stoics,1
stoked,1
stoker,1
stolen,18
stolid,1
stoned,2
stones,12
stored,36
stores,35
storms,6
stormy,8
stoves,2
stowed,2
stowey,5
strafe,2
strain,31
strait,5
strand,7
strang,1
straps,2
strata,2
straws,3
strays,6
streak,10
stream,51
street,244
stress,107
strewn,6
strict,11
stride,16
strife,6
strike,50
string,19
stripe,4
strips,14
strive,7
strode,10
stroke,19
stroll,4
strong,202
strove,4
struck,59
strung,4
stuart,16
stubbs,1
stubby,3
stucco,4
studio,31
stuffy,2
stumps,5
stumpy,1
stunts,2
stupid,24
stupor,4
sturch,2
sturdy,16
styled,3
styles,20
styron,2
suable,1
subdue,2
submit,18
subtle,25
subtly,6
suburb,13
subway,7
succor,1
sucess,1
sucked,6
sudden,38
sudier,1
suffer,33
suffix,1
suited,22
suites,4
suitor,1
sukuma,1
sulcer,1
sulfur,1
sulked,2
sullam,3
sullen,9
sultan,3
sultry,1
summed,7
summer,134
summit,12
summon,3
sumner,2
sumter,2
sunday,101
sunder,1
sundry,5
sunken,3
sunman,1
sunset,14
suntan,1
superb,14
supine,1
supper,37
supply,102
surely,47
surged,7
survey,37
sussex,2
sutpen,1
suzuki,1
svelte,1
swamps,2
swampy,1
swanky,1
swarms,1
swartz,1
swayed,9
swears,2
sweaty,5
sweden,10
swedes,2
sweets,2
swells,4
swerve,2
swings,3
swingy,1
swiped,1
switch,43
swivel,5
swoops,2
sworde,1
swords,4
sybert,1
sydney,5
sylvan,1
sylvie,1
symbol,54
syndic,1
syntax,6
syrian,1
syrupy,2
system,416
szolds,4
tables,44
tablet,3
taboos,1
tabula,2
tacked,2
tackle,10
tactic,4
tagged,6
tahiti,2
tailor,2
taipei,1
taiwan,7
taking,175
taksim,1
talent,40
talked,58
talker,1
taller,7
tallow,1
talmud,4
talons,1
tamale,1
taming,1
tamper,1
tandem,1
tangle,8
tangos,1
tanker,1
tanned,6
tanner,2
tannin,1
taoism,4
taoist,3
tapley,1
tappan,2
tapped,7
tappet,15
target,45
tariff,5
tarpon,1
tarred,1
tartar,1
tartly,1
tarzan,4
tasted,10
tastes,10
tatian,1
tatler,1
tatras,1
taught,50
taunts,2
taurog,2
tavern,2
tawdry,2
tawney,1
taxied,1
taxing,9
taylor,21
tchalo,1
teamed,2
tearle,1
teased,2
teatro,1
tedium,1
teensy,1
teller,4
tempeh,1
temper,12
temple,38
tempos,2
tempts,1
tenant,5
tended,24
tender,11
tenets,2
tenite,2
tennis,15
tenors,1
tensed,1
tenses,1
tenths,1
tenure,12
tepees,1
teresa,1
termed,15
terral,1
terram,1
terror,25
tertre,1
tessie,7
tested,37
tewfik,1
texans,9
texoma,2
thames,3
thanks,37
thawed,3
thayer,13
theare,1
thease,1
thefin,1
theirs,21
thelma,6
themes,8
thence,6
theory,129
theses,1
thesis,10
thidiu,1
thighs,7
thills,1
things,368
thinke,2
thinks,23
thinly,3
thirds,4
thirst,4
thirty,59
thomas,100
thorns,1
thorny,2
thorpe,4
though,440
thrash,1
thread,15
threat,42
threes,3
thrice,1
thrift,5
thrill,5
thrive,1
throat,51
throes,2
throne,5
throng,3
thrown,40
throws,6
thrush,2
thrust,22
thumbs,3
thwack,1
thwart,3
thwump,1
thynke,1
thynne,2
ticked,2
ticker,1
ticket,16
tidbit,1
tidied,1
tiefes,1
tieken,1
tiered,1
tigard,2
tigers,1
tigris,1
tilled,1
tiller,1
tillet,1
tillie,2
tilted,12
timber,19
timbre,2
timely,9
timers,1
timing,11
tindal,1
tinder,1
tinsel,2
tinted,1
tipoff,1
tipped,4
tipple,1
tiring,4
tissue,41
titans,1
titers,4
tithes,1
titian,2
titled,12
titles,17
titter,1
tizard,1
todman,10
toffee,1
toiled,1
toilet,13
tokens,2
toland,1
tolled,1
tolley,6
tomato,4
tommie,1
tongue,35
tonics,2
tonsil,2
toobin,2
toodle,2
toomey,1
topeka,1
topics,10
topped,7
topple,1
tories,6
torino,2
torpid,1
torpor,2
torque,5
torrid,2
torrio,12
torsos,3
tossed,31
tosses,2
totals,6
totted,1
touchy,1
tougas,1
toughs,3
toured,2
toward,386
towels,11
towers,5
toying,1
traced,12
traces,9
tracks,12
tracts,5
traded,8
trader,8
trades,9
trager,2
tragic,33
trails,16
trains,16
traits,6
trance,4
trauma,1
travel,61
traxel,1
treats,14
treaty,20
treble,2
treece,1
tremor,2
trench,2
trends,21
trials,39
tribal,6
tribes,12
tricks,8
tricky,1
trifle,9
triple,5
tripod,3
trivia,2
trohan,1
troika,1
trolls,1
troops,53
tropez,1
trophy,8
tropic,3
trough,3
troupe,3
troyes,1
truant,1
trucks,22
truest,2
truism,3
truman,13
trumps,1
trunks,5
trusts,7
truths,4
trying,163
tubers,1
tubing,6
tuborg,1
tucked,6
tucker,5
tucson,3
tugaru,1
tugged,2
tulane,1
tulips,2
tullio,1
tultul,4
tumble,3
tumors,8
tuning,3
tunnel,10
turban,2
turkey,9
turned,320
turner,6
turret,3
turtle,8
tussle,4
tutors,1
tuttle,4
tweedy,1
twelve,48
twenty,80
twined,4
twinge,3
twists,6
twisty,1
twitch,3
tyburn,1
tycoon,1
typhus,3
typify,1
typing,7
tyrant,2
uglier,2
ulanys,3
ullman,1
ulyate,15
umpire,1
unable,54
unbent,1
unborn,4
unckle,1
uncles,3
undone,4
unduly,6
unease,1
uneasy,22
uneven,6
unfair,13
unfelt,1
unfold,2
ungava,1
unhook,1
unhurt,1
unifil,5
unions,29
unique,58
unison,3
united,482
unites,1
unjust,3
unkind,3
unless,101
unlike,42
unload,7
unlock,3
unpack,1
unpaid,9
unreal,6
unrest,5
unripe,1
unruly,2
unsafe,1
unsaid,1
unseen,5
unshed,1
unsold,3
unsung,3
unsure,1
unthaw,1
untidy,1
untied,1
untold,2
untrue,2
unused,3
unwire,1
unwise,3
unworn,1
upbeat,1
update,1
upheld,6
uphill,1
uphold,7
upkeep,6
upland,2
uplift,1
uproar,2
upsets,3
upshot,1
upside,8
uptake,5
uptown,5
upturn,7
upward,27
uranyl,2
urbana,1
urbano,1
uremia,1
urgent,21
urging,10
usable,8
usages,3
useful,58
utmost,7
utopia,24
vacant,11
vacate,1
vacuum,20
vagina,10
vainly,2
valery,3
valeur,1
valewe,1
vallee,1
valley,73
valmet,1
valois,1
valued,14
values,186
valves,4
vanish,5
vanity,7
varani,2
varian,2
varied,42
varies,11
varner,1
vasady,1
vassal,1
vaster,1
vastly,10
vaughn,2
vaults,6
veblen,1
vector,19
veered,3
veiled,6
veined,1
vellum,1
velour,1
velvet,4
vendor,1
veneer,1
veneto,1
venice,7
vented,1
verbal,21
verges,1
verify,5
verity,1
vernal,1
verner,1
vernon,21
vernor,1
versed,2
verses,9
versus,9
vertex,19
vesole,5
vessel,16
vested,3
vetoed,1
vexing,2
viable,5
viator,1
vicolo,1
victim,27
victor,23
vienna,22
vienne,1
vienot,1
viewed,25
viewer,4
vinson,1
vioiln,1
violet,7
violin,11
virdon,2
virgil,2
virgin,35
virile,4
virtue,30
visage,2
vision,56
visits,17
vistas,3
visual,40
vitals,2
vivian,11
vivier,1
vivify,1
vocals,1
voiced,5
voices,38
volare,1
volens,1
volker,1
volley,6
volney,1
volume,135
vomica,1
voodoo,2
vortex,1
voters,20
voting,30
votive,2
voulez,1
vowels,3
vowing,2
voyage,17
vroman,1
vulgar,7
wabash,4
wacker,1
wadded,2
wagged,2
waggin,1
waging,1
wagner,21
wagons,17
wailed,3
waited,70
waiter,10
waitin,1
waived,1
waking,11
walked,159
walker,17
walled,1
wallet,6
wallop,1
wallow,1
walnut,11
walrus,1
walter,40
walton,9
wander,8
waning,2
wansee,1
wanted,226
wanton,3
warden,4
warily,2
warmed,10
warmer,4
warmly,8
warmth,28
warmup,1
warned,22
warner,1
warped,3
warred,1
warren,51
warsaw,10
washed,35
washer,2
washes,5
washoe,1
wasson,1
wasted,16
wastes,6
waters,42
watery,3
watson,45
wavers,1
waving,13
waxing,1
weaken,7
weaker,8
weakly,3
wealth,22
weaned,1
weapon,42
weasel,1
weaver,4
weaves,2
webber,1
wedded,4
wedged,2
weeded,1
weekly,24
weider,6
weighs,4
weight,91
weigle,1
weirdy,1
welded,3
weldon,1
welled,1
welter,2
welton,1
werner,6
wesker,2
wesley,2
wesson,1
weston,8
wetter,1
wexler,6
wheare,1
wheels,21
whelan,1
whence,3
whined,1
whinny,1
whisky,23
whites,16
whitey,6
wholes,2
wholly,24
whoosh,1
whores,1
whorls,1
wicked,9
wicker,4
wicket,1
widely,52
widens,1
widest,3
widows,1
widths,5
wifely,1
wiggle,1
wilbur,2
wilcke,1
wilcox,2
wilder,1
wildly,25
wilkes,2
wilkey,1
willed,6
willem,1
willie,11
willis,16
willow,9
willya,1
wilson,62
wilted,1
winced,4
winded,2
winder,3
window,119
windup,1
winged,3
winked,8
winner,8
winnow,1
winsor,2
winter,83
wintry,2
wiping,6
wiring,2
wisdom,44
wisely,8
wisest,1
wished,55
wishes,24
wisman,9
wister,2
withal,1
wither,2
withes,1
within,359
witold,1
witter,1
wizard,3
wobble,3
wobbly,2
woburn,1
woeful,1
wohaws,1
wolfes,1
wolves,4
wonder,67
wonduh,1
wooded,5
wooden,50
woodin,1
woolen,4
woolly,3
worded,4
worked,128
worker,30
worlds,7
worthy,28
woulda,1
wounds,8
wozzek,1
wragge,1
wreath,8
wretch,1
wright,46
wrings,1
wrists,6
writer,73
writes,41
writhe,2
wrongs,6
wycoff,1
xavier,1
yachts,3
yakima,1
yalies,1
yamabe,1
yamata,1
yanked,5
yankee,18
yarrow,4
yearly,12
yeasts,1
yehudi,1
yelled,22
yeller,2
yellow,55
yelped,1
yields,7
yinger,1
yokels,1
yokuts,7
yonder,1
yoneda,2
yongst,1
yorker,7
youths,11
yujobo,1
yvette,2
zapala,1
zealot,1
zemlya,1
zenith,6
zeroed,1
zinman,1
zipped,1
zipper,1
zlotys,1
zombie,1
zoning,6
zoomed,1
zoooop,1
zounds,2
zurich,2
